minx,miny,maxx,maxy
119.830717,-23.562728,120.668531,-23.221155
